{"cameraMode":{"drawMode":0,"name":"Shaded","section":"Shading Mode"},"sceneLighting":false,"audioPlay":false,"sceneViewState":{"showFog":true,"showMaterialUpdate":true,"showSkybox":false,"showFlares":true,"showImageEffects":true,"showParticleSystems":true},"in2DMode":false,"pivot":{"x":53.3474235534668,"y":11.304709434509278,"z":-109.41295623779297},"rotation":{"x":-0.17411668598651887,"y":0.41648727655410769,"z":-0.0816144272685051,"w":-0.8885789513587952},"size":1.3587583303451539,"orthographic":false}